# Format B: each row = one 32x32 frame (1024 values, scale 0-705)
0,15,14,5,0,5,10,4,8,0,60,38,63,81,135,145,170,134,110,95,42,88,29,0,0,0,7,24,0,8,0,4,12,17,13,0,0,19,30,0,3,39,57,31,59,104,115,148,172,102,127,111,118,65,20,4,1,0,26,31,0,33,0,43,0,2,0,0,8,0,2,10,30,25,40,47,76,72,116,127,180,124,126,69,47,51,39,16,4,0,3,0,10,21,0,0,0,5,7,1,0,0,24,7,4,10,37,8,80,89,126,126,145,129,86,114,74,62,38,50,0,0,21,0,4,1,22,0,26,8,16,0,0,0,35,0,23,15,26,11,93,125,140,140,131,133,88,70,68,53,35,30,46,24,30,43,3,0,0,5,9,2,0,24,0,0,6,10,21,18,6,75,31,56,51,112,133,163,109,101,71,111,89,112,86,66,65,51,7,39,23,0,36,0,0,48,0,2,0,7,7,27,22,71,72,86,102,142,140,110,117,85,146,166,147,159,181,148,133,148,125,62,75,2,0,0,0,8,0,2,2,1,4,0,54,23,71,53,94,117,160,153,171,201,177,235,211,209,233,223,206,193,139,137,113,113,7,10,13,7,12,13,3,12,0,12,63,95,31,134,99,152,176,167,200,233,255,295,301,265,275,266,291,234,214,165,147,142,0,0,45,0,43,11,0,0,37,53,46,37,70,85,137,163,192,255,260,293,338,335,355,326,400,356,340,301,278,240,210,166,0,0,0,21,37,27,3,20,0,21,56,48,91,101,150,197,237,301,312,376,379,408,377,439,411,364,375,315,299,307,279,233,0,32,17,12,14,0,30,0,0,25,0,99,110,157,232,245,333,334,341,423,449,405,484,493,444,430,445,415,367,377,311,257,33,0,0,0,2,0,9,10,0,10,78,91,177,222,285,287,327,387,422,456,513,518,513,504,473,500,511,451,425,371,358,316,0,29,17,0,12,60,0,0,0,19,86,144,191,246,326,340,365,406,437,536,560,549,628,582,574,561,552,496,442,433,363,336,17,0,0,14,39,7,0,0,52,75,129,171,259,327,301,378,427,432,539,550,587,678,618,650,646,585,575,559,530,479,406,378,26,14,0,21,0,36,5,59,105,140,185,152,238,317,343,436,444,465,584,611,608,652,680,674,700,658,646,611,569,516,452,407,4,0,41,0,0,0,27,84,105,201,193,201,298,335,378,415,475,532,581,660,678,689,674,679,676,699,664,645,609,585,520,423,25,36,0,0,11,0,29,93,136,164,243,288,366,336,374,471,563,570,602,692,685,705,680,697,676,702,704,656,637,588,504,449,29,6,5,19,27,14,79,143,199,221,299,322,363,347,394,451,514,591,651,697,686,677,692,638,690,660,690,686,601,601,509,431,3,5,16,0,33,1,74,147,193,259,316,349,465,377,382,430,529,575,659,694,660,705,665,677,678,680,687,683,650,579,555,474,0,0,0,12,39,5,76,107,177,242,332,335,359,350,364,433,508,598,653,705,705,683,657,656,705,657,695,682,650,547,520,427,0,6,8,0,11,4,47,110,147,207,261,278,299,367,389,414,523,563,605,645,686,687,703,665,682,681,694,667,584,553,473,486,26,0,12,0,5,0,0,21,124,177,190,245,228,327,365,403,487,537,610,641,691,683,632,672,705,705,691,644,593,555,500,454,25,11,20,0,0,0,0,43,99,119,143,161,248,317,326,408,437,517,544,597,634,684,696,671,681,683,666,570,588,491,442,432,0,20,24,32,17,18,0,7,50,57,111,151,211,238,325,366,407,467,534,570,610,638,636,627,648,631,575,570,542,505,444,372,15,21,43,4,0,30,20,0,0,42,68,140,187,210,308,300,399,408,458,504,559,590,588,577,597,554,528,507,511,434,389,387,0,1,26,0,25,0,42,0,0,4,86,109,199,178,237,304,340,380,386,441,500,474,529,516,509,492,481,476,430,356,377,307,8,17,0,5,0,0,0,0,2,0,0,114,140,153,239,251,280,330,377,413,426,464,464,464,434,434,418,391,378,358,315,264,0,0,0,0,22,28,0,0,16,0,0,64,126,115,178,226,256,277,312,373,408,393,421,399,386,394,334,355,353,285,294,230,0,20,0,17,10,11,32,0,23,0,0,8,70,85,91,183,232,267,303,296,306,351,349,346,324,309,342,275,297,248,199,186,22,48,12,0,1,0,0,3,6,0,12,1,0,59,90,109,138,194,207,272,243,287,264,269,247,266,233,239,227,170,147,120,0,0,0,0,38,3,0,6,0,0,9,0,23,0,40,91,121,149,188,171,217,203,232,207,234,206,173,186,172,161,119,73
36,26,0,32,8,0,0,0,13,0,65,63,83,107,155,182,203,159,124,136,55,101,52,0,30,0,18,3,23,0,3,22,0,0,0,0,7,0,9,0,4,31,79,64,84,94,138,178,190,108,118,147,99,60,47,0,0,0,0,9,11,25,5,0,1,10,4,0,7,8,19,2,0,0,39,39,77,130,161,125,204,138,130,92,68,28,24,31,0,0,30,6,0,4,8,0,16,0,0,0,5,0,0,23,3,26,50,36,133,114,143,135,169,189,92,135,106,66,52,0,4,0,6,0,9,27,36,20,9,2,0,0,0,8,34,0,15,13,27,16,94,123,135,175,143,133,101,91,68,84,71,37,34,5,21,19,35,0,8,0,23,13,0,0,0,0,15,0,0,0,31,86,70,147,98,159,200,138,115,106,93,134,110,120,124,104,59,86,32,48,10,0,16,4,12,27,0,5,5,23,0,0,28,53,84,79,141,152,184,124,149,107,200,187,185,167,190,192,177,165,133,110,66,10,0,25,0,18,2,20,20,0,9,8,40,32,101,95,118,173,189,179,189,233,196,278,252,259,288,246,227,196,181,147,126,110,14,0,15,0,0,3,42,0,5,0,65,117,63,128,130,140,226,255,219,291,335,336,330,321,322,349,331,296,215,215,138,183,20,13,26,0,0,0,27,2,11,40,38,52,70,137,202,209,220,338,326,369,365,424,396,404,391,418,391,368,313,285,234,197,0,0,0,30,5,46,1,27,0,23,64,70,108,159,211,218,259,374,411,444,445,460,450,515,505,479,457,385,379,347,330,312,0,7,0,8,0,0,32,13,3,48,27,95,139,169,300,289,416,377,415,491,529,552,579,543,589,538,503,480,430,415,372,321,19,0,0,19,11,0,37,0,0,24,49,146,218,245,355,337,422,492,506,510,608,647,631,614,579,603,590,545,518,451,431,387,20,0,6,0,15,45,0,8,13,19,109,180,233,268,365,432,500,469,533,640,671,660,700,705,705,666,675,599,582,507,447,404,0,0,17,0,2,0,27,45,54,95,118,207,274,367,392,477,507,515,638,676,705,705,705,705,705,705,705,674,621,588,475,468,8,0,0,8,7,32,3,30,81,125,197,202,279,351,439,482,526,618,685,705,705,705,705,705,705,705,705,705,647,608,545,527,2,12,24,8,2,25,34,84,141,260,242,247,341,393,449,501,560,642,705,705,705,705,705,705,705,705,705,705,705,640,580,545,0,6,0,22,14,0,21,131,164,216,302,351,411,400,452,516,628,649,705,705,705,705,705,705,705,705,705,705,705,695,619,550,10,22,0,18,0,0,66,155,176,301,364,392,450,401,447,527,611,665,705,705,705,705,705,705,705,705,705,705,705,705,620,539,4,0,12,0,8,10,96,177,240,329,356,420,542,432,500,542,655,668,705,705,705,705,705,705,705,705,705,705,705,683,658,564,4,0,0,10,11,19,78,152,241,293,375,412,413,401,434,506,625,705,705,705,705,705,705,705,705,705,705,705,705,662,666,536,1,0,0,0,0,0,68,117,195,273,333,322,361,426,496,558,603,683,705,705,705,705,705,705,705,705,705,705,705,670,569,559,0,0,5,0,0,7,51,44,163,218,282,300,293,377,433,484,570,643,698,705,705,705,705,705,705,705,705,705,705,631,571,536,32,0,40,0,2,0,0,46,122,172,201,180,300,383,418,461,529,630,645,705,705,705,705,705,705,705,705,705,705,595,555,503,0,8,7,0,12,0,0,9,77,89,118,172,221,300,415,450,531,542,635,648,705,705,705,705,705,705,705,662,637,589,507,443,0,1,5,23,0,19,27,11,0,47,110,161,238,235,378,383,483,517,593,581,650,672,705,696,702,639,675,601,588,529,478,458,22,32,9,0,15,11,19,0,7,0,90,115,216,258,317,387,436,481,480,514,590,585,644,623,605,587,544,585,496,447,420,371,18,0,4,0,1,0,27,0,0,3,0,120,166,174,279,314,319,472,463,542,469,546,534,538,549,544,547,468,425,422,361,333,23,0,25,0,17,10,25,0,3,0,15,78,118,160,173,290,300,365,380,440,489,470,488,498,462,473,462,444,412,354,313,301,9,9,15,0,0,0,44,6,24,12,15,14,88,96,151,229,253,287,354,315,385,438,417,430,405,369,393,385,314,283,263,225,0,34,14,0,0,17,11,0,0,13,0,9,2,28,117,155,173,219,263,310,275,318,292,328,357,345,285,298,225,213,171,166,23,0,6,3,0,0,29,13,6,9,32,1,33,4,44,107,88,130,234,201,259,266,256,241,274,253,239,203,231,164,166,111
13,0,9,43,0,0,8,0,0,0,73,39,56,103,151,159,187,162,123,134,68,83,34,30,21,13,1,7,2,18,0,0,14,0,25,0,0,19,9,10,0,47,57,52,112,109,147,162,154,108,126,106,124,56,33,0,0,0,20,32,17,16,0,9,19,10,18,7,0,14,4,14,6,2,48,52,99,104,144,148,168,158,113,90,64,54,74,13,0,4,0,19,0,3,0,9,0,14,2,1,0,0,5,0,15,42,39,54,115,127,116,157,159,168,121,116,99,65,52,12,12,8,22,7,13,0,32,4,0,1,0,27,0,0,36,0,28,2,16,17,68,94,116,150,135,126,102,65,62,64,62,8,45,36,15,39,30,9,0,0,13,22,0,19,0,0,0,37,4,0,44,86,77,126,83,126,177,187,107,108,107,114,98,116,102,109,67,74,44,28,44,7,13,0,0,0,0,11,4,7,21,0,4,52,90,82,147,138,143,123,173,107,179,169,177,155,166,164,140,119,142,75,91,31,6,0,0,0,14,7,15,9,0,19,44,15,78,89,129,133,151,154,181,225,206,234,269,262,270,235,271,209,167,156,127,130,0,0,0,4,4,0,0,4,23,8,32,108,42,142,136,180,204,248,225,276,308,320,315,289,316,304,298,237,218,225,161,170,25,0,27,6,26,3,22,1,13,46,45,78,84,111,170,204,193,314,304,318,363,398,357,379,399,390,370,323,309,245,240,191,0,30,0,1,0,2,0,7,0,20,53,46,74,127,195,185,288,337,364,433,420,455,443,471,453,428,426,367,335,308,336,282,6,1,0,14,29,13,37,0,0,11,17,70,130,188,265,279,361,385,394,485,487,511,545,515,529,515,477,466,389,366,386,288,0,31,0,11,0,0,47,41,0,31,62,121,185,249,296,330,420,453,464,504,558,585,598,589,557,563,552,523,451,456,404,398,5,6,16,13,0,51,0,23,6,2,120,178,188,276,345,418,447,464,527,588,603,612,684,672,639,631,619,535,543,507,434,388,2,0,25,13,20,7,15,35,60,114,136,221,241,328,383,447,464,522,598,647,669,705,705,705,705,690,640,680,580,543,437,438,30,6,0,8,10,16,21,38,109,150,183,179,319,351,375,470,519,579,639,684,705,705,705,705,705,705,705,695,640,571,504,476,1,16,48,0,29,12,40,79,127,230,234,237,297,378,427,467,537,590,691,705,705,705,705,705,705,705,705,705,689,625,558,517,4,0,0,0,9,6,53,126,185,178,291,344,384,363,435,494,559,655,704,705,705,705,705,705,705,705,705,705,705,645,585,499,54,0,7,28,40,8,90,153,205,268,342,373,410,390,474,530,584,641,705,705,705,705,705,705,705,705,705,705,705,675,591,528,0,0,0,9,13,0,67,203,205,303,341,424,538,438,471,485,620,645,705,705,705,705,705,705,705,705,705,705,705,670,620,524,12,0,0,49,4,38,108,128,203,252,364,370,426,377,415,459,610,672,705,705,705,705,705,705,705,705,705,705,705,648,636,487,23,16,0,5,14,7,27,125,175,252,315,293,338,399,460,523,578,610,705,705,705,705,705,705,705,705,705,705,667,606,534,519,16,22,13,13,3,6,58,30,133,203,254,295,271,357,427,503,534,604,677,705,705,705,705,705,705,705,705,705,697,608,518,485,0,0,14,0,0,12,0,53,119,167,163,189,300,351,391,433,484,609,628,685,705,705,705,705,705,705,705,670,651,601,511,488,16,10,0,9,13,0,0,7,60,81,105,188,199,291,374,430,469,539,588,599,677,686,705,705,705,705,702,639,613,530,503,411,0,0,4,55,0,15,32,0,0,67,95,151,200,250,348,364,432,506,537,553,632,625,676,668,655,612,607,573,572,492,471,418,4,0,60,0,0,11,11,9,0,0,90,122,172,231,304,333,416,445,474,506,542,596,596,615,608,587,515,558,481,430,393,352,2,54,40,0,0,0,0,0,0,0,0,74,172,166,289,319,315,419,413,504,477,537,523,536,518,494,489,446,404,414,355,313,2,0,25,0,18,0,12,0,0,10,0,100,122,162,203,254,250,352,342,400,452,448,477,465,430,430,427,369,366,336,311,265,0,0,9,10,0,0,34,11,23,10,3,8,50,84,142,232,277,267,333,307,363,371,409,402,394,370,383,334,319,264,255,188,7,6,30,10,10,0,0,0,10,9,15,0,3,42,108,161,157,168,250,263,281,289,320,309,313,312,234,282,230,208,180,127,0,15,0,6,10,11,10,12,6,3,0,0,16,0,56,50,113,153,212,197,255,251,253,254,254,237,197,211,165,201,144,60
0,4,0,47,0,0,0,0,0,19,48,64,79,110,115,188,216,169,105,144,57,104,35,31,0,0,21,0,0,33,0,0,0,15,5,0,14,0,15,13,0,28,42,55,104,85,145,171,165,120,133,142,115,32,38,23,4,0,26,0,8,0,0,17,24,22,14,0,0,9,26,22,6,24,28,23,119,128,124,142,216,182,133,76,94,24,49,28,3,13,7,4,17,29,12,0,0,0,0,21,19,0,0,0,17,38,33,68,103,152,120,170,173,195,137,114,103,62,25,10,0,0,6,0,0,0,45,0,11,19,0,26,0,0,18,16,25,2,15,18,90,121,160,181,186,148,92,99,53,81,85,62,71,42,19,47,17,2,17,0,10,0,9,6,0,0,11,0,0,20,31,100,69,117,113,175,206,201,113,86,105,119,127,116,127,109,68,52,55,43,39,0,44,0,0,19,0,0,27,0,10,18,10,44,67,94,163,143,167,158,104,123,173,200,198,197,182,177,171,170,144,87,69,10,15,9,0,5,0,16,14,3,3,23,34,56,85,113,131,157,176,165,172,222,262,298,290,282,284,255,265,231,197,166,129,122,0,1,0,0,1,0,0,35,9,2,75,97,62,148,127,183,200,258,252,297,316,343,376,336,336,337,320,271,243,210,166,159,19,4,20,0,11,27,11,0,4,45,49,70,83,108,193,208,235,344,336,348,413,414,404,433,406,416,389,334,338,324,220,172,0,20,0,16,0,35,0,18,0,27,50,50,122,155,236,244,277,371,410,475,459,493,477,544,509,482,446,394,374,320,367,294,23,0,0,4,0,0,36,38,0,12,20,54,163,210,277,285,377,461,448,540,551,542,572,565,584,550,510,526,460,422,393,328,8,28,26,11,8,8,23,13,17,62,46,140,209,286,362,353,444,456,535,573,608,659,630,626,576,613,600,563,524,495,447,411,0,34,0,7,6,65,0,3,9,33,136,184,222,322,382,445,488,516,578,628,687,681,705,705,692,692,703,625,567,532,474,419,9,0,4,0,18,0,1,10,78,117,141,198,299,395,385,452,519,562,669,705,705,705,705,705,705,705,705,705,676,628,497,464,15,47,0,5,0,36,0,60,99,193,193,275,303,353,415,531,573,598,705,705,705,705,705,705,705,705,705,705,681,654,577,512,0,0,53,3,0,16,13,72,138,269,253,292,311,417,439,508,578,660,705,705,705,705,705,705,705,705,705,705,705,677,624,534,6,9,15,0,1,0,37,160,186,189,314,372,407,410,487,576,647,671,705,705,705,705,705,705,705,705,705,705,705,693,645,592,83,25,0,0,33,5,92,162,160,292,387,388,484,421,492,582,654,687,705,705,705,705,705,705,705,705,705,705,705,705,658,540,0,28,4,0,7,0,58,205,285,329,378,448,566,490,528,524,689,705,705,705,705,705,705,705,705,705,705,705,705,705,698,584,11,0,6,33,25,0,61,139,229,275,384,430,459,432,454,540,628,705,705,705,705,705,705,705,705,705,705,705,705,691,654,564,17,0,0,7,0,34,64,116,202,242,356,351,366,433,512,533,616,694,705,705,705,705,705,705,705,705,705,705,705,701,597,645,13,0,0,4,0,15,23,30,142,227,267,317,276,404,447,537,593,617,705,705,705,705,705,705,705,705,705,705,705,688,589,548,9,27,40,0,18,0,0,50,100,170,180,177,300,411,401,482,547,666,647,705,705,705,705,705,705,705,705,705,705,614,552,572,14,10,0,9,0,5,0,7,87,83,125,196,240,300,388,485,535,581,644,681,705,705,705,705,705,705,705,691,641,597,530,470,21,5,21,0,0,8,26,0,0,35,131,145,231,254,383,380,466,533,569,595,679,663,705,705,705,677,671,613,644,533,506,474,0,0,40,32,19,0,0,13,21,1,101,129,211,248,320,377,462,485,514,533,649,597,649,660,673,585,560,568,514,471,464,413,1,0,0,0,0,24,0,19,0,0,0,111,143,181,320,327,343,414,465,539,524,556,545,561,606,570,529,502,475,427,394,334,19,35,4,0,0,23,6,11,6,0,8,93,130,170,217,293,299,408,399,435,495,492,474,515,459,486,437,441,411,382,341,302,0,0,4,0,0,0,29,4,9,21,0,13,36,129,185,219,268,302,368,354,368,399,402,449,444,379,414,365,363,301,282,197,4,6,28,0,0,7,0,0,2,16,16,0,3,49,108,174,186,220,273,314,290,306,322,326,359,351,287,324,238,230,210,151,11,9,0,7,9,0,20,17,9,0,28,0,22,4,49,102,124,173,231,202,250,224,310,258,287,283,257,255,204,207,166,109
0,11,7,28,2,11,3,0,1,9,42,39,41,90,118,140,148,157,104,96,44,93,9,20,0,20,3,14,0,0,0,0,0,20,17,35,7,27,19,6,0,16,39,37,74,98,122,143,149,120,107,110,111,63,15,0,5,6,0,1,0,0,30,15,5,1,0,0,3,26,0,28,0,0,24,11,53,96,123,89,161,154,112,98,53,38,51,35,0,0,6,0,0,29,0,8,19,23,0,24,12,12,0,0,19,34,28,0,87,95,139,168,185,170,93,120,83,67,0,0,10,0,24,13,0,0,21,0,33,0,0,12,31,29,38,15,13,24,26,26,73,105,128,132,166,135,85,81,93,55,30,41,64,23,39,31,7,0,0,0,27,28,0,0,0,0,0,38,14,31,15,90,37,96,94,140,191,172,110,125,86,74,94,100,110,88,59,87,18,9,0,0,10,6,0,31,11,11,2,21,0,1,18,54,75,49,128,123,157,107,133,101,129,184,176,168,182,143,177,134,133,83,71,16,18,19,0,0,0,0,0,33,16,20,16,34,74,45,109,138,160,127,167,200,199,230,249,244,237,214,200,194,183,121,107,117,10,0,3,0,0,33,15,0,0,12,62,97,36,143,130,121,189,215,185,250,264,301,321,270,299,261,290,215,226,166,152,143,18,0,12,9,4,0,1,0,0,39,42,19,89,109,190,166,219,300,265,288,353,357,342,396,353,352,306,297,271,264,203,171,0,0,0,25,0,14,23,22,0,16,53,49,85,129,219,209,261,305,352,393,392,457,398,441,431,390,389,367,305,254,277,254,0,0,0,0,13,6,28,0,0,7,1,79,149,178,224,238,332,354,351,448,468,467,488,485,483,458,439,450,357,374,333,283,17,0,3,2,23,23,38,0,0,17,60,93,171,241,278,328,375,391,444,479,527,562,565,569,533,522,532,490,428,414,363,348,26,19,0,0,0,9,0,0,7,41,117,141,206,278,293,405,401,421,490,556,578,573,631,628,601,572,596,528,475,470,413,351,0,6,37,10,39,21,0,3,54,103,133,188,231,305,315,385,418,489,567,556,625,678,675,670,675,622,618,582,555,498,402,383,6,0,1,14,0,21,2,26,81,145,176,162,270,293,354,455,463,521,587,652,673,689,705,705,705,704,675,628,583,561,456,424,1,24,35,0,13,7,8,91,120,228,229,231,296,311,380,427,511,574,635,679,692,705,705,705,705,705,705,670,654,577,510,447,1,15,0,24,0,20,0,110,154,205,263,318,364,353,392,496,554,579,653,705,705,705,705,705,705,705,705,696,658,591,530,498,15,0,0,16,0,0,63,106,149,228,344,345,377,359,435,485,528,596,654,705,678,705,705,685,705,705,705,705,656,631,591,507,19,4,1,0,59,0,80,183,202,284,327,388,480,391,420,447,568,595,696,705,705,705,705,705,697,705,705,705,682,613,548,519,0,0,10,41,0,0,72,132,196,263,322,351,379,346,364,442,541,610,705,705,705,705,705,705,691,705,688,705,695,582,530,472,0,0,24,11,5,0,35,111,163,221,303,297,332,362,432,484,532,578,639,681,705,705,705,705,705,697,705,699,633,591,493,494,34,0,0,0,0,21,34,50,154,183,235,273,262,328,391,448,497,580,631,705,704,705,698,705,705,705,672,697,629,549,489,487,0,11,8,17,0,6,0,61,88,103,180,146,307,299,343,419,473,545,573,658,677,705,705,705,698,705,670,603,609,530,479,439,2,0,0,30,7,6,10,3,42,77,67,163,208,254,356,388,421,482,560,556,629,625,649,658,669,658,612,606,569,503,437,377,0,11,15,0,0,23,24,0,24,25,96,145,185,216,320,345,406,471,513,529,569,597,642,620,633,562,549,516,518,481,401,393,18,5,23,6,2,0,0,25,0,3,92,142,179,230,276,320,377,409,410,471,545,514,567,576,557,515,480,507,471,396,392,337,2,15,0,2,1,17,8,0,4,0,0,92,147,163,247,256,272,375,379,473,450,491,486,477,509,459,456,426,390,396,317,307,7,0,10,10,11,6,8,18,8,0,13,86,130,141,178,220,251,331,369,363,412,391,435,421,404,402,378,379,341,304,274,248,5,17,0,22,30,0,48,14,0,0,0,0,31,72,130,179,236,266,296,292,343,367,376,349,335,305,326,321,266,258,217,189,5,12,16,48,0,12,0,2,17,25,12,0,5,42,114,138,177,156,213,273,256,268,278,280,272,273,226,256,209,194,157,116,0,0,0,5,29,5,10,11,11,0,12,13,22,13,45,100,92,175,207,179,235,192,236,237,228,245,218,185,179,171,135,89
19,0,0,41,0,17,34,12,7,15,75,44,86,131,139,208,174,155,117,131,65,96,24,8,33,0,17,10,0,6,0,4,35,16,3,18,0,0,12,0,13,23,51,55,81,93,142,192,173,109,146,152,132,82,22,0,0,0,0,19,31,0,0,64,0,19,0,0,0,0,0,0,7,10,43,24,99,120,125,113,221,177,156,60,94,25,20,80,0,0,3,2,28,24,10,0,0,8,10,10,45,0,0,13,0,38,29,56,98,110,133,166,163,178,114,129,99,72,47,16,0,17,20,3,0,23,32,0,35,3,18,0,0,0,12,21,49,14,17,16,98,116,118,144,159,173,96,100,91,41,68,16,52,41,44,44,8,10,28,0,0,43,0,14,4,0,0,2,0,15,36,76,42,121,107,151,198,175,139,101,92,111,138,119,120,79,86,75,29,69,0,27,19,3,2,11,0,24,0,0,12,6,26,74,50,84,140,141,172,127,122,121,171,187,212,185,207,173,189,151,145,96,81,22,0,10,0,25,11,12,19,0,5,24,45,52,100,98,112,143,187,162,181,226,230,264,277,273,268,234,251,206,227,166,116,145,4,32,8,1,21,5,6,0,0,6,44,76,41,123,128,169,201,283,249,278,317,356,340,332,339,302,314,293,269,211,167,189,9,17,54,8,0,0,27,0,5,53,28,49,110,129,174,207,233,295,294,326,372,399,389,416,414,431,368,352,329,296,237,216,26,20,0,41,8,13,0,26,18,12,48,34,118,117,228,230,256,349,382,422,452,439,434,495,481,451,448,421,359,301,354,290,7,0,10,0,0,0,50,14,22,52,26,56,180,209,271,295,371,382,457,454,535,523,580,600,550,516,483,506,457,441,377,331,0,33,1,36,0,0,3,16,8,43,44,128,202,258,343,338,447,427,490,534,562,634,626,617,563,584,580,567,528,450,439,396,0,4,10,6,0,34,18,0,0,11,128,157,212,298,376,457,480,504,576,605,658,670,705,687,695,663,668,587,530,506,464,396,22,8,0,19,34,0,27,0,51,91,139,204,275,371,381,445,480,539,654,646,688,705,705,705,705,705,676,695,627,547,464,446,0,5,0,2,19,31,38,60,138,170,201,215,314,380,429,526,547,594,655,705,705,705,705,705,705,705,705,705,705,595,544,472,8,0,33,0,0,0,51,81,137,249,270,302,359,394,462,501,553,649,705,705,705,705,705,705,705,705,705,705,705,659,597,544,0,9,0,0,19,11,22,138,178,246,323,367,387,387,482,518,620,654,705,705,705,705,705,705,705,705,705,705,705,634,606,547,10,7,8,12,22,4,86,164,222,278,367,364,430,372,482,593,597,686,705,705,705,705,705,705,705,705,705,705,705,686,648,554,17,5,34,0,1,18,34,181,238,331,350,424,545,434,473,506,635,695,705,705,705,705,705,705,705,705,705,705,705,705,631,593,0,0,3,5,23,0,100,160,220,260,376,421,461,432,460,504,619,686,705,705,705,705,705,705,705,705,705,705,705,670,630,546,42,0,0,0,11,4,39,101,171,259,334,325,375,413,533,529,599,692,705,705,705,705,705,705,705,705,705,705,705,651,548,560,17,5,13,0,0,0,29,43,178,218,262,271,275,375,444,510,549,634,703,705,705,705,705,705,705,705,705,705,700,626,566,541,2,5,26,0,0,2,22,58,142,160,190,162,291,343,378,463,527,636,654,705,705,705,705,705,705,705,705,678,682,591,546,521,0,0,1,0,4,0,9,0,66,111,121,162,222,317,410,463,492,574,659,649,665,705,705,705,705,705,705,628,655,585,480,431,8,8,0,23,0,12,0,0,0,54,116,128,205,267,388,407,442,493,578,601,673,668,705,705,705,668,660,629,610,523,445,477,0,0,54,0,25,0,0,0,0,6,107,146,210,240,300,380,429,455,493,547,593,599,633,640,633,576,571,593,537,444,424,351,0,0,0,4,8,8,27,0,11,3,1,61,142,214,294,310,324,410,444,510,509,550,510,563,534,558,491,488,453,382,393,320,0,0,34,21,13,0,0,0,2,0,1,85,133,176,200,290,311,379,359,413,475,468,525,498,462,469,441,400,392,352,330,277,1,28,0,0,0,11,43,42,19,12,14,25,69,87,143,197,235,268,347,353,399,411,410,429,398,380,388,361,310,275,278,223,19,58,0,22,16,9,0,5,15,25,0,25,15,38,108,171,167,220,220,296,300,340,310,341,332,363,253,287,245,195,155,152,0,0,4,0,0,22,3,0,0,0,9,0,34,0,45,86,114,160,220,230,247,249,299,214,268,217,255,216,244,207,168,109
58,4,2,27,0,0,0,26,0,6,89,16,75,64,138,131,150,146,110,116,68,87,36,2,0,27,42,2,6,2,8,13,0,0,6,0,0,0,21,0,10,20,15,53,52,69,115,148,138,122,98,121,108,53,22,12,0,0,0,0,0,0,0,24,17,0,39,8,2,0,22,0,2,15,51,15,69,92,136,123,168,128,133,83,83,29,37,52,0,0,4,0,0,18,0,0,0,0,6,0,0,0,22,0,11,13,29,42,105,103,94,146,142,143,110,120,77,77,33,0,0,25,8,0,2,0,39,1,2,13,0,6,0,0,0,1,11,0,0,44,65,93,113,152,119,121,119,66,64,60,88,15,48,12,26,11,26,0,0,5,0,15,5,0,0,15,6,0,0,4,50,87,24,139,100,155,173,146,115,80,86,108,102,111,87,59,86,60,42,53,21,0,42,0,0,43,0,18,0,8,43,0,14,51,54,72,103,140,143,121,140,88,134,162,190,159,172,167,118,144,116,84,69,25,23,0,5,0,3,0,3,12,0,0,0,29,77,68,95,132,134,148,180,210,207,246,227,226,219,223,237,203,155,154,110,81,0,1,0,11,1,20,10,0,0,24,38,73,46,150,112,145,202,223,216,230,261,290,294,284,274,275,274,249,170,198,151,169,5,12,43,2,0,0,0,12,0,14,37,42,38,110,163,156,179,293,276,296,323,388,357,351,348,322,329,283,254,267,235,182,16,2,15,21,4,0,0,20,0,7,30,24,108,96,181,162,246,320,336,367,372,418,397,444,435,388,417,316,314,267,291,273,2,0,0,0,25,19,35,1,3,48,38,55,122,187,217,264,331,364,344,416,467,487,495,474,501,440,439,444,376,349,332,255,6,41,7,0,0,0,19,12,0,34,60,102,167,227,283,290,374,397,424,479,514,554,557,525,527,518,521,483,443,366,370,385,0,18,0,26,4,50,0,18,0,5,81,152,174,242,328,382,426,408,491,550,571,601,616,589,591,565,583,519,479,430,411,351,0,27,0,11,25,2,19,0,67,82,127,175,222,316,325,383,447,472,559,587,623,652,646,676,658,603,602,556,551,502,430,369,3,0,5,29,20,31,12,49,99,141,186,199,253,308,388,416,452,502,588,598,660,681,705,705,705,693,698,651,555,567,475,418,23,0,0,18,0,0,0,45,122,208,226,237,285,306,345,416,475,530,629,688,705,705,705,705,701,693,705,644,637,558,519,429,12,19,32,31,0,0,34,137,167,213,258,311,378,325,394,469,529,560,649,691,692,705,705,705,705,695,705,697,642,578,509,461,25,0,3,0,8,0,80,134,174,235,300,354,396,348,400,482,532,581,636,684,705,704,705,705,705,705,702,680,658,627,550,489,13,13,11,0,26,3,51,193,198,282,308,380,472,357,425,453,564,591,688,682,705,697,705,705,704,705,705,696,642,619,576,478,14,0,0,10,29,10,80,114,185,245,312,353,382,355,381,454,562,612,685,705,705,705,705,694,688,705,693,704,676,569,539,478,0,14,0,0,20,4,45,96,169,207,301,308,307,383,444,463,533,553,656,672,688,695,705,665,705,705,704,676,601,587,521,478,0,11,25,3,0,0,9,18,133,180,208,252,253,339,353,418,477,540,616,656,705,705,699,695,703,698,698,667,629,556,499,453,0,17,21,0,0,0,0,65,81,121,192,167,272,319,340,402,461,558,565,645,672,695,680,705,703,705,636,608,594,536,474,441,0,19,5,29,0,25,18,20,58,59,108,153,186,256,370,370,439,481,563,589,601,631,657,644,662,650,640,574,540,508,451,375,19,0,0,22,36,0,21,0,0,57,87,149,173,192,318,350,413,455,486,519,591,599,601,622,618,576,574,519,496,468,449,372,11,0,25,0,0,0,0,0,0,9,109,120,188,194,277,327,358,437,430,461,517,527,545,533,490,492,487,517,410,392,372,309,21,4,10,0,6,0,0,0,8,35,0,79,142,173,268,250,277,337,417,465,430,451,470,489,492,494,467,395,406,371,338,286,23,24,0,0,15,7,0,1,14,0,2,45,115,81,199,251,241,343,319,360,413,408,421,418,426,424,377,342,349,328,270,258,3,6,18,0,0,52,56,0,29,0,6,27,58,73,126,201,250,254,314,286,325,366,384,359,367,338,313,319,297,262,222,179,0,8,24,52,0,16,23,0,4,0,0,0,0,39,88,146,153,184,210,251,242,285,293,283,331,288,218,270,194,171,156,100,0,33,25,14,3,36,0,0,17,12,0,11,9,0,19,75,74,134,192,209,221,190,237,217,243,209,210,188,192,176,114,86
22,0,0,25,0,0,0,5,0,17,70,43,93,93,154,159,201,161,121,104,47,74,23,12,26,12,49,31,0,13,0,15,7,32,9,0,28,0,7,0,15,56,34,88,80,94,139,189,187,76,120,134,112,65,18,31,0,15,0,0,0,0,0,7,30,28,1,7,6,14,20,0,15,16,36,69,98,121,114,135,152,159,94,79,58,9,75,34,6,0,31,0,19,4,1,2,0,0,0,13,0,8,6,0,20,34,41,22,94,85,100,152,147,151,84,122,66,92,38,8,3,16,10,0,6,46,15,5,0,0,0,0,0,38,43,0,17,10,0,48,84,126,141,153,142,122,98,75,68,74,70,38,69,31,24,45,47,0,44,28,0,31,0,0,2,0,0,6,0,30,26,106,41,102,66,145,182,152,106,71,69,98,90,88,132,95,81,87,45,51,0,0,16,22,7,34,0,47,0,0,0,0,5,29,74,69,114,141,148,143,137,110,150,163,205,179,181,164,165,138,142,94,69,0,3,1,0,0,0,0,4,0,0,31,65,43,91,91,110,146,142,144,171,202,209,262,233,264,232,231,243,210,154,168,94,96,14,2,0,3,7,13,0,3,0,4,55,70,50,113,132,146,179,245,196,265,280,335,316,294,295,289,320,244,226,225,155,182,21,0,10,0,11,0,39,0,5,30,35,34,75,91,177,172,228,268,284,295,364,384,350,389,368,381,336,308,280,265,242,143,6,5,0,1,0,30,21,15,0,0,61,66,92,107,180,203,279,324,333,406,401,451,413,472,435,405,422,345,305,306,306,247,0,27,13,0,0,0,51,8,0,33,16,78,149,190,249,261,338,394,417,474,485,479,541,510,520,462,474,453,414,396,363,301,24,33,0,0,0,4,6,16,0,29,70,95,162,238,295,319,376,421,464,487,548,572,568,549,544,538,539,510,470,419,371,375,0,0,9,0,18,24,15,0,0,34,122,162,207,267,331,368,430,429,514,558,584,620,667,637,637,634,625,560,508,464,397,361,13,11,16,1,26,0,23,0,53,98,146,157,225,340,347,389,447,512,597,595,673,705,688,703,676,665,645,628,575,556,454,449,7,0,0,31,10,0,8,36,91,135,202,198,276,321,370,474,467,531,586,644,703,705,705,705,705,705,705,651,611,575,482,431,33,0,18,7,8,0,34,105,106,243,207,244,309,357,425,453,495,612,655,691,705,705,705,705,705,705,705,702,654,596,562,497,0,13,0,0,31,0,38,150,171,202,280,341,361,340,430,501,580,625,682,705,705,705,705,705,705,705,705,705,686,591,560,491,27,1,0,35,0,41,84,156,180,248,325,336,429,358,428,506,562,602,681,705,705,705,705,705,705,705,705,705,694,668,572,515,6,22,6,0,21,3,47,194,198,296,343,386,515,405,456,441,617,591,705,705,705,705,705,705,705,705,705,705,705,624,586,517,13,0,11,29,14,0,86,104,197,272,316,372,395,397,415,513,536,657,705,705,705,705,705,705,705,705,705,705,705,601,581,477,24,7,0,0,8,18,49,72,198,243,302,268,285,392,446,479,559,622,670,705,705,705,705,705,705,705,705,705,652,607,504,519,0,0,18,10,0,13,62,45,151,200,242,274,246,365,410,476,513,575,620,679,705,705,705,705,705,705,705,705,650,586,500,472,18,0,25,0,11,8,0,50,115,163,186,170,283,329,381,409,497,586,578,666,700,705,705,705,705,705,705,640,637,539,497,493,22,26,11,27,8,0,0,23,71,108,120,179,235,272,355,409,463,529,581,635,638,667,695,690,701,681,670,631,600,538,461,394,0,2,27,0,0,11,27,0,1,54,108,106,212,253,345,374,427,466,555,544,613,610,653,616,649,585,615,570,538,460,456,407,0,15,38,0,10,32,21,10,31,0,101,149,197,188,307,334,405,431,432,479,533,565,579,580,601,532,525,534,481,429,409,336,0,0,0,6,0,0,0,10,0,1,1,85,148,169,269,251,302,368,400,488,451,515,490,533,521,475,488,422,389,379,338,271,2,5,37,0,0,17,0,4,17,17,23,66,92,154,216,269,248,317,340,402,416,421,468,443,441,452,403,381,367,357,316,266,19,21,2,0,0,3,8,24,15,0,4,37,72,74,150,212,235,268,312,318,360,369,406,399,376,367,359,322,286,275,245,208,0,28,9,0,7,11,0,0,29,0,0,0,1,37,132,156,181,190,199,269,271,266,283,316,289,304,270,251,209,169,174,133,6,25,2,20,19,19,0,0,14,18,0,0,29,2,42,108,125,145,193,168,271,214,244,199,250,213,228,214,180,173,166,105
9,27,13,36,7,0,0,13,0,0,91,40,81,109,150,202,220,149,139,123,41,108,33,0,9,23,15,6,7,0,0,8,0,21,29,0,13,60,1,25,0,37,46,60,132,82,140,204,176,126,131,128,114,55,36,0,13,0,0,0,24,1,0,23,0,24,0,0,17,10,19,0,22,1,68,46,95,102,106,152,224,175,135,93,62,0,12,8,0,34,13,0,1,26,0,24,18,0,12,2,0,17,4,8,23,56,48,45,85,121,146,162,155,200,136,114,88,79,59,19,0,0,0,0,0,23,35,0,4,25,0,5,0,0,20,0,34,32,19,45,80,126,130,151,193,155,85,108,84,69,56,81,79,33,39,31,5,0,10,0,13,27,0,0,1,0,3,0,6,24,25,97,42,126,112,172,212,136,120,106,101,112,94,125,131,63,76,85,63,41,1,0,29,0,4,23,0,28,0,3,0,0,25,41,91,78,142,166,140,159,155,120,172,204,201,158,209,184,192,144,125,108,60,18,0,12,0,7,0,26,15,0,21,1,32,14,81,98,134,149,157,202,215,230,256,257,268,274,292,266,271,245,163,163,138,142,0,5,30,0,27,0,2,20,0,29,69,109,83,117,140,153,208,275,219,288,302,387,375,312,357,305,339,294,235,241,165,159,0,2,28,0,26,0,14,1,3,5,27,68,72,119,200,192,227,319,303,339,373,389,406,414,429,424,391,341,327,291,223,189,9,27,0,34,11,14,0,10,0,47,73,21,83,170,224,236,283,347,375,452,480,491,467,514,497,484,451,403,381,330,346,296,14,6,0,26,0,30,60,10,12,40,15,82,150,209,277,297,383,417,430,522,523,519,575,611,575,547,504,480,472,434,397,329,23,0,4,12,14,0,33,32,0,26,73,130,195,281,352,367,461,450,519,581,611,627,616,620,606,601,621,546,506,449,433,399,13,12,0,0,8,45,13,0,0,37,118,156,241,309,383,419,503,501,556,639,652,698,705,705,686,681,668,608,548,538,483,418,14,1,0,0,50,33,0,0,54,99,142,229,287,343,399,457,519,540,644,688,705,705,705,705,705,705,705,683,673,618,509,464,31,6,0,28,0,0,32,52,114,168,220,221,299,380,444,518,557,601,690,705,705,705,705,705,705,705,705,705,702,648,546,514,3,22,0,0,0,0,46,55,147,283,272,272,349,416,485,518,567,649,705,705,705,705,705,705,705,705,705,705,705,675,634,557,3,0,0,18,0,21,60,125,213,240,295,362,420,394,463,565,637,689,705,705,705,705,705,705,705,705,705,705,705,700,622,571,26,13,0,0,13,23,66,143,191,276,380,400,441,437,465,589,632,680,705,705,705,705,705,705,705,705,705,705,705,705,622,543,0,20,18,0,30,42,77,183,250,325,385,473,560,473,516,493,670,705,705,705,705,705,705,705,705,705,705,705,705,705,666,551,0,0,26,51,30,15,84,141,249,334,384,419,431,400,466,508,633,705,705,705,705,705,705,705,705,705,705,705,705,667,643,549,0,27,0,7,1,19,56,142,187,241,355,343,389,431,517,539,624,664,705,705,705,705,705,705,705,705,705,705,705,696,604,591,20,22,5,12,20,0,77,60,156,241,296,281,315,416,462,522,577,680,705,705,705,705,705,705,705,705,705,705,705,666,611,525,24,8,3,14,23,8,0,60,124,180,156,166,298,355,358,455,551,647,662,705,705,705,705,705,705,705,705,705,677,602,566,556,0,6,1,37,8,5,13,0,55,92,132,194,233,295,399,461,503,589,634,686,705,705,705,705,705,705,705,685,654,594,533,458,0,0,0,7,14,19,0,0,0,14,123,144,239,271,347,396,466,533,617,606,679,695,705,705,705,654,663,626,605,534,512,472,0,0,10,4,11,17,9,0,0,13,103,138,212,243,316,369,430,468,501,541,583,642,663,629,652,589,578,594,528,467,433,373,18,17,10,0,0,0,0,0,12,0,0,87,127,213,282,274,345,438,488,531,512,545,526,583,586,554,537,487,463,435,363,339,28,18,35,5,9,6,0,11,11,0,0,54,123,186,210,267,302,409,391,423,494,483,492,494,483,469,443,445,404,362,338,294,0,18,8,3,0,0,15,11,0,2,6,33,59,92,149,226,295,267,366,359,378,421,435,432,408,384,412,395,336,304,276,234,4,33,25,37,8,6,0,29,0,8,34,3,17,51,97,144,198,218,251,305,289,317,346,331,322,346,277,295,259,215,199,166,0,35,25,3,0,10,16,35,0,11,0,0,29,10,38,104,103,168,235,200,242,249,282,249,269,248,245,232,190,187,166,82
15,19,0,25,9,0,34,0,24,12,47,56,79,87,109,147,160,121,100,104,57,53,9,5,4,0,16,0,0,1,0,5,0,4,14,24,7,22,1,20,6,50,29,36,107,72,115,163,153,108,139,159,83,49,33,9,2,0,2,0,8,0,12,42,11,0,0,0,13,4,12,33,0,24,41,29,106,91,135,120,182,150,109,58,52,40,49,58,0,0,10,13,0,44,18,0,8,0,8,2,17,0,0,5,0,36,24,37,110,97,98,136,166,159,107,84,87,60,37,22,31,17,0,11,0,0,22,0,0,4,9,10,0,10,70,0,9,33,3,47,114,108,122,148,108,104,81,73,41,67,74,63,76,25,27,23,0,14,11,4,16,30,0,5,0,0,40,14,7,12,36,83,58,111,94,125,148,160,101,67,79,78,82,71,94,99,53,38,48,68,18,3,50,8,0,15,6,39,0,5,0,0,14,58,77,56,93,141,110,146,112,84,111,170,170,135,191,165,161,116,83,124,69,0,0,0,18,3,7,12,0,0,14,0,28,42,66,107,111,153,166,145,151,190,197,196,225,210,235,208,236,199,177,132,93,119,35,27,8,11,0,0,0,0,0,15,56,114,29,119,122,147,209,221,178,206,237,307,291,257,283,276,287,237,218,197,154,162,3,4,36,0,0,16,33,11,0,19,48,42,74,98,150,180,191,279,270,281,335,348,317,339,339,340,320,298,261,264,201,131,0,1,0,43,5,23,0,14,0,0,33,30,73,78,172,181,228,259,321,380,381,417,396,434,419,377,405,337,323,244,310,239,0,0,8,0,12,24,48,16,36,9,1,76,114,161,229,234,305,311,378,431,435,445,477,490,487,451,429,413,379,336,313,268,26,0,15,9,8,0,0,0,0,1,49,92,170,205,279,283,356,383,426,453,526,534,523,514,493,503,481,461,437,404,366,337,4,0,0,10,0,44,0,10,0,49,119,147,169,240,282,381,411,411,454,529,556,571,589,574,585,555,559,508,463,465,377,351,0,0,10,0,48,3,0,1,81,85,119,138,237,283,356,383,445,480,525,570,589,633,625,689,652,598,579,571,534,504,413,362,15,5,26,28,0,7,18,60,101,153,204,189,245,292,349,400,444,515,578,605,670,671,694,689,683,683,679,606,582,494,450,405,32,9,2,0,19,3,2,51,104,227,211,240,275,332,394,420,483,530,614,635,670,705,697,700,705,705,670,642,632,557,493,430,4,0,0,6,10,0,33,97,173,188,233,285,338,316,402,433,528,576,611,698,698,705,687,705,703,691,703,681,669,543,524,449,0,2,0,0,38,0,65,131,192,215,323,329,380,345,402,458,531,576,677,699,688,677,672,697,705,704,679,694,633,625,534,484,20,3,5,0,7,11,65,168,189,264,330,411,497,356,402,431,552,579,689,667,698,704,703,687,705,693,702,693,679,591,557,465,12,0,0,49,0,18,68,109,184,227,293,364,412,339,368,438,512,624,687,665,699,681,704,691,698,705,688,692,632,575,569,456,7,3,12,0,5,16,31,104,164,216,273,285,297,351,417,446,516,561,629,657,698,669,692,705,686,702,683,657,604,553,467,452,1,6,17,0,15,0,35,57,122,193,240,233,264,324,379,421,475,555,594,642,665,687,689,662,678,672,680,651,594,539,490,422,1,1,16,1,0,0,0,57,102,111,176,169,245,298,335,412,427,541,524,634,659,698,678,690,659,690,658,598,549,491,470,427,0,0,0,30,7,5,0,14,43,79,94,118,184,264,351,388,420,467,568,547,617,588,655,635,650,633,590,541,555,509,421,336,0,0,3,1,0,17,17,9,0,52,113,116,168,227,313,318,383,433,501,479,546,563,597,599,589,550,556,521,507,448,423,366,0,0,11,0,0,20,3,0,0,19,82,115,184,184,287,340,391,395,397,456,510,488,530,539,498,497,502,486,431,382,329,315,0,16,19,0,2,0,3,1,0,11,19,91,108,162,222,238,295,352,360,414,429,459,438,448,468,457,433,406,364,350,280,261,0,0,16,37,13,8,11,0,0,2,0,59,130,146,175,201,254,294,320,364,396,389,422,424,384,431,383,383,315,317,258,253,18,0,4,19,8,2,41,7,0,0,0,0,49,51,136,173,214,283,285,302,336,365,349,368,311,316,331,332,277,269,218,181,12,1,5,5,14,27,2,21,0,0,0,14,0,71,109,116,159,167,183,268,249,239,265,268,278,277,243,250,182,189,168,138,0,26,23,17,11,37,0,14,4,0,0,0,20,28,29,65,114,161,179,184,194,204,221,204,212,187,208,199,172,178,135,80
13,9,2,32,9,13,6,3,0,0,26,59,62,136,127,148,179,137,112,122,24,60,22,0,20,0,17,0,25,36,20,9,23,0,32,0,0,0,0,0,0,44,40,38,83,121,146,191,159,115,138,142,131,42,19,17,0,3,3,0,24,11,11,34,0,26,0,2,9,4,0,0,3,10,23,4,86,97,129,135,177,152,110,74,70,0,40,7,19,0,0,0,0,0,0,0,23,13,8,12,12,12,0,5,13,2,15,31,84,103,128,133,160,151,114,89,90,41,36,0,1,13,15,6,0,0,15,0,0,0,16,1,12,12,21,0,42,43,9,16,104,86,118,152,142,147,70,96,67,60,48,17,60,31,0,23,38,0,0,0,0,32,0,0,15,0,13,5,0,0,24,79,51,109,81,129,182,152,77,91,88,107,97,98,86,75,62,87,52,76,24,25,23,0,0,25,0,21,0,2,0,18,0,61,99,94,146,149,134,115,128,102,153,175,209,148,162,170,158,171,115,85,58,33,0,4,10,0,9,6,7,0,5,21,46,50,77,89,115,150,154,137,168,217,207,240,241,259,236,220,225,191,195,132,116,106,2,0,0,0,0,4,0,0,0,5,24,84,27,135,121,135,187,204,225,246,280,312,329,254,321,313,284,268,228,215,152,163,44,14,43,0,0,0,0,0,0,20,5,90,78,125,191,173,200,290,300,320,378,381,353,359,383,363,335,318,295,277,240,160,0,0,8,3,0,12,0,32,0,23,60,36,77,94,201,197,255,292,348,382,424,458,438,475,444,408,405,332,327,266,295,270,0,0,11,0,0,0,87,28,0,30,0,91,126,178,251,290,344,376,373,471,498,476,513,517,514,494,485,456,409,396,357,296,5,4,0,31,32,9,0,40,0,38,55,104,220,229,308,286,395,401,461,492,522,559,574,591,557,561,523,514,479,441,394,364,7,20,4,0,0,12,0,1,14,11,112,164,197,262,340,405,410,454,522,560,582,604,641,660,644,615,621,545,478,487,413,389,22,0,0,0,22,22,0,4,86,88,126,172,255,298,355,425,423,503,581,597,659,700,693,699,705,682,623,625,550,518,422,423,0,4,0,4,0,5,5,60,110,148,214,165,279,338,376,465,500,571,638,652,705,705,705,705,705,701,705,665,642,558,497,419,0,6,41,0,0,8,17,60,122,240,218,235,307,353,392,464,550,575,644,705,705,705,705,705,705,705,705,703,673,572,568,485,6,0,0,0,14,0,43,137,193,213,299,323,361,368,417,486,589,592,657,705,705,705,705,705,705,705,705,705,681,617,574,497,13,0,0,11,17,0,86,174,189,248,341,345,413,347,441,508,594,619,696,705,705,705,705,705,705,705,705,705,668,661,585,506,32,15,12,6,42,16,71,183,209,275,355,402,476,417,456,488,583,625,705,705,705,705,705,705,705,705,705,705,705,655,560,511,18,0,2,46,16,0,70,120,221,256,334,388,392,352,383,479,562,622,705,705,705,705,705,705,705,705,705,705,705,635,594,516,0,24,5,14,1,12,35,114,180,250,309,318,351,382,465,481,558,628,667,705,705,705,705,705,705,705,705,705,679,614,532,521,5,0,0,21,0,5,31,29,140,186,232,272,296,340,413,480,504,592,645,705,705,705,705,705,705,705,705,705,659,594,498,491,0,8,8,0,0,23,0,40,92,135,169,156,298,335,384,424,458,579,533,666,705,705,705,705,705,705,705,662,636,560,514,473,0,31,0,19,30,0,25,0,67,102,85,132,235,300,333,404,452,470,565,597,674,668,698,705,705,705,634,619,594,494,467,399,2,0,1,0,0,12,24,2,0,40,112,123,178,271,344,375,451,488,516,516,608,634,676,664,623,594,595,557,525,500,447,407,0,12,19,0,3,23,0,26,15,0,102,129,203,208,269,347,411,438,448,500,565,515,586,590,570,535,521,543,481,421,391,335,0,0,0,17,0,5,23,0,9,0,0,94,146,163,267,291,289,375,393,472,469,509,512,550,532,484,473,432,399,386,348,319,0,0,21,0,36,23,0,1,0,16,1,87,97,158,208,254,300,335,355,405,401,411,467,460,436,422,392,404,372,334,308,257,0,11,14,0,0,31,12,29,16,0,0,0,89,72,150,177,216,249,321,301,330,375,383,389,376,330,361,331,293,258,234,190,6,23,8,0,25,4,0,0,0,6,0,0,0,29,108,147,171,212,210,256,260,295,308,306,305,284,254,251,213,183,131,126,0,29,0,0,0,0,7,0,0,7,0,6,47,0,63,93,110,145,205,187,239,225,221,235,253,233,218,208,190,153,96,84
0,20,30,26,0,0,1,24,19,20,54,39,80,113,146,134,167,131,108,105,40,86,42,25,14,35,9,0,0,28,0,8,21,12,20,12,0,29,25,9,0,11,56,39,50,101,80,157,152,121,102,128,115,69,24,4,0,0,12,7,20,16,0,26,6,0,0,0,0,21,0,0,0,13,12,49,76,86,122,142,199,150,109,85,82,40,46,43,0,5,0,0,0,19,9,5,1,0,7,13,14,21,9,0,0,21,50,38,121,100,131,150,144,168,98,92,82,58,23,10,0,8,8,3,0,2,10,0,9,0,0,0,0,0,13,6,1,13,0,16,57,97,130,118,140,125,116,77,71,70,55,77,33,31,8,20,30,0,11,0,5,3,0,0,19,1,0,23,0,12,67,99,53,99,87,166,154,148,80,102,76,99,132,109,92,104,77,44,0,61,25,5,14,0,0,30,0,24,9,15,21,25,18,28,70,98,125,135,153,89,126,118,140,167,180,162,190,177,175,158,137,99,52,0,0,8,0,0,11,0,4,0,0,0,74,43,85,109,98,132,116,156,172,191,186,219,245,202,237,221,227,196,176,137,145,88,8,34,0,9,8,0,20,0,0,10,50,126,48,106,106,142,194,170,207,250,244,291,292,263,294,278,256,239,205,195,159,151,14,0,52,0,0,23,32,4,7,18,31,50,77,115,155,184,183,268,250,277,365,344,348,357,366,362,314,291,261,258,226,186,3,12,7,0,13,22,13,23,0,0,53,4,35,125,167,197,247,302,355,426,375,408,392,437,409,425,388,335,310,256,316,278,8,11,0,0,0,13,47,7,0,38,3,83,128,179,285,270,314,342,365,429,467,473,473,510,475,462,439,418,388,338,317,274,18,0,0,5,0,0,34,7,0,22,87,84,170,255,276,302,373,405,431,454,525,533,546,541,507,529,500,486,431,413,379,345,6,2,26,0,1,21,19,0,18,15,104,156,190,265,319,380,402,387,513,543,569,574,606,590,606,555,568,518,496,453,417,351,0,1,0,0,31,8,0,8,76,70,128,161,241,289,338,366,453,450,542,592,607,667,664,694,687,607,599,613,541,507,423,389,47,11,3,18,0,45,0,40,94,163,192,205,283,311,363,443,479,525,614,617,691,698,705,701,705,657,674,637,581,544,438,410,9,0,33,13,4,12,7,67,106,218,199,248,289,362,375,421,493,552,633,671,703,705,689,705,705,701,703,653,627,589,527,441,1,0,4,9,31,0,3,141,153,192,271,309,363,360,404,465,562,570,648,689,705,705,704,689,703,705,705,687,655,585,522,458,35,14,3,0,33,0,103,120,149,241,332,341,401,344,401,490,543,593,679,702,705,701,705,705,705,705,705,705,645,630,535,454,12,0,0,3,3,18,56,193,206,266,329,375,469,389,421,417,553,616,677,705,702,698,705,705,705,705,705,701,663,606,561,498,0,0,0,33,0,3,86,95,182,236,312,347,408,333,390,453,539,651,689,705,705,699,705,705,705,705,704,705,655,608,538,478,20,8,0,0,21,0,19,88,174,220,289,297,312,347,402,464,547,588,652,691,705,705,705,705,705,705,705,693,642,581,481,496,0,0,0,0,16,0,37,42,118,177,197,220,253,330,375,453,470,545,595,652,684,705,705,705,705,705,683,663,632,558,508,452,12,0,25,5,14,30,9,38,62,162,161,167,248,344,378,404,471,535,558,617,698,705,675,705,705,705,641,614,577,546,461,443,14,9,7,2,9,18,0,20,59,65,96,180,197,242,345,402,440,472,549,585,622,611,650,644,667,683,624,581,565,488,410,408,0,0,2,24,5,0,22,7,4,21,91,143,184,230,301,334,428,446,509,537,558,569,623,624,596,554,564,522,526,463,423,370,10,14,14,19,1,14,25,2,0,15,85,117,179,204,260,299,379,405,425,492,529,531,515,556,518,493,470,515,426,405,368,344,26,0,28,0,0,4,1,5,0,0,0,51,131,197,266,282,301,361,394,476,436,491,455,494,480,462,473,433,372,367,309,272,30,16,37,0,5,31,0,16,0,3,2,75,128,148,162,232,266,340,339,362,418,414,418,435,387,432,375,343,320,311,287,257,5,3,12,0,0,27,30,29,0,13,21,16,58,94,88,195,237,243,289,272,321,369,365,360,336,339,372,328,280,265,213,194,25,3,19,0,19,0,26,24,24,0,0,12,26,47,109,155,159,190,217,251,244,290,283,283,291,275,236,261,191,203,168,115,3,1,15,5,0,9,15,0,0,0,31,6,41,0,69,58,67,130,184,203,233,218,252,211,218,206,209,190,173,161,164,73
52,4,12,33,27,7,10,0,15,1,6,44,66,112,123,147,176,99,93,92,46,60,16,7,0,30,35,9,16,0,0,34,10,3,25,8,13,0,5,0,0,46,68,48,83,70,82,165,130,90,139,113,118,22,1,0,0,22,0,11,0,32,1,14,5,0,30,0,17,13,14,23,11,0,29,29,94,102,121,109,165,129,99,66,69,27,53,15,13,0,0,3,4,20,0,19,35,4,7,7,10,0,8,6,3,41,47,40,75,87,97,129,132,122,89,126,73,57,17,1,16,2,0,0,14,8,29,2,0,0,0,0,9,11,9,0,0,0,13,15,59,98,80,130,156,131,90,85,44,46,28,42,55,45,1,21,0,0,3,0,0,22,24,3,13,1,0,5,0,25,16,89,28,89,71,114,179,153,95,77,98,125,68,94,81,76,67,67,29,35,10,20,28,12,0,19,0,21,0,4,0,13,32,50,85,56,101,128,130,95,153,79,131,181,172,147,156,162,143,119,125,51,92,13,18,0,0,0,5,22,7,0,12,40,39,12,52,59,129,129,122,95,177,182,196,209,199,224,200,197,207,171,136,127,108,91,16,0,19,12,9,11,4,0,0,47,69,70,45,94,143,128,166,204,183,221,251,247,275,225,276,263,242,211,193,137,139,132,23,5,14,10,42,0,0,10,10,54,22,36,56,101,151,169,166,244,220,261,316,364,304,277,312,291,277,269,259,236,200,141,13,14,0,2,0,11,0,26,26,18,40,31,75,104,168,188,219,289,298,351,383,388,364,377,365,342,342,352,296,225,285,208,4,6,0,0,0,15,45,12,14,18,17,48,123,171,212,225,291,328,326,404,430,420,434,458,428,405,406,376,346,338,292,243,0,11,16,3,0,0,8,2,16,0,93,100,179,214,293,277,330,350,391,411,468,493,474,474,438,453,439,451,406,372,320,343,13,12,2,10,2,17,19,0,4,0,91,136,168,219,292,352,382,382,469,501,511,522,539,573,540,554,523,478,433,399,385,344,1,0,0,11,2,0,4,0,40,72,99,161,235,290,318,344,425,420,490,509,567,625,610,589,606,537,550,549,494,449,357,332,11,15,0,0,13,0,0,34,112,105,176,189,227,287,328,421,425,457,547,596,621,647,652,679,633,627,614,561,536,463,403,381,16,4,18,0,0,14,0,52,120,200,187,229,238,290,356,401,469,512,571,609,647,641,661,643,641,639,624,601,570,532,488,408,8,34,9,14,0,0,39,136,149,135,249,245,305,308,359,394,475,506,579,646,665,672,662,650,632,621,605,651,612,529,494,434,1,5,5,0,0,8,51,155,162,241,282,323,359,304,363,427,477,503,602,644,657,642,651,656,654,624,632,623,579,542,500,425,20,0,6,0,9,6,25,138,164,242,276,345,435,345,374,419,499,542,616,631,624,616,648,628,636,649,625,630,630,552,517,423,18,4,0,18,17,0,66,124,161,240,310,321,351,330,333,418,467,576,641,633,637,641,641,637,631,654,631,645,598,554,514,425,0,0,2,0,12,18,50,89,145,206,266,271,291,324,421,425,487,521,571,635,659,645,616,649,635,651,650,633,582,497,464,439,18,31,19,0,0,0,54,36,149,189,207,212,208,295,320,412,476,479,551,595,616,643,647,642,653,653,621,603,533,474,441,438,0,0,5,0,0,6,11,27,104,100,149,155,257,276,317,379,434,462,503,549,611,646,631,619,648,646,583,541,532,479,423,388,0,25,0,1,1,0,0,12,70,98,73,127,166,232,313,319,420,415,503,527,551,560,598,594,591,580,559,512,512,462,392,343,0,0,9,0,0,0,10,5,0,19,110,113,157,217,301,319,339,398,448,448,497,528,567,570,576,510,524,474,453,426,377,348,0,0,7,3,12,0,5,0,0,2,86,128,157,189,263,291,351,363,397,385,470,462,516,509,497,475,431,444,405,399,317,302,25,31,17,5,0,11,4,0,0,0,3,90,125,130,209,243,266,322,342,411,415,385,416,437,450,426,407,367,366,326,286,257,0,0,0,0,0,16,0,3,0,7,3,93,87,126,152,209,232,288,301,352,372,384,405,414,377,367,311,332,308,276,266,224,4,36,4,0,0,15,43,23,26,20,0,0,61,78,83,144,226,224,298,288,286,314,346,320,303,297,301,303,250,217,195,141,29,25,0,17,22,8,0,20,22,22,0,0,0,50,87,120,176,178,179,223,227,255,229,255,253,289,183,257,195,165,157,105,0,4,0,0,0,28,10,5,0,3,15,12,26,0,39,80,88,122,184,157,205,211,216,194,208,191,179,152,161,130,132,65
12,0,0,19,18,0,0,9,9,12,45,42,38,80,113,150,178,112,88,117,28,87,45,0,0,40,27,0,0,0,0,18,31,0,18,17,17,4,39,0,1,30,50,30,79,76,113,161,125,95,95,108,96,40,37,0,0,0,0,22,0,0,10,21,0,18,5,0,12,0,0,0,0,45,31,49,82,84,109,116,154,137,155,84,61,28,65,19,7,7,13,12,0,14,20,0,11,0,10,0,8,0,6,10,20,25,0,27,106,89,81,147,118,148,108,94,59,66,37,10,0,17,0,5,0,6,31,0,23,12,0,28,2,0,36,17,16,9,7,10,73,88,123,112,104,149,123,45,55,67,49,39,33,14,0,0,0,19,0,0,18,0,14,0,12,0,0,4,0,10,29,70,64,92,95,120,154,121,73,107,79,112,81,121,81,83,68,101,9,20,9,4,42,16,0,33,6,54,7,1,0,2,2,66,79,65,109,113,108,105,117,106,158,158,148,158,169,152,130,91,98,53,61,9,0,6,0,0,0,0,6,3,22,0,48,34,90,81,73,152,149,107,144,178,199,215,235,193,230,200,228,192,149,119,71,64,0,41,0,7,0,0,6,0,9,13,35,79,57,138,86,122,185,207,199,230,247,282,304,256,285,272,265,257,194,200,130,150,21,4,5,0,10,0,21,0,21,8,42,34,74,93,159,193,193,251,243,283,308,364,321,356,349,321,320,286,273,254,175,144,0,0,0,14,0,48,0,8,19,1,48,24,94,119,152,175,244,273,315,371,350,393,377,423,390,372,358,325,274,303,254,244,12,2,17,19,0,23,45,1,17,24,0,98,124,185,202,218,298,320,333,422,431,435,457,472,452,417,420,399,394,330,304,254,13,22,7,8,14,11,35,32,18,0,74,117,178,221,278,273,357,339,412,429,485,492,519,506,465,488,478,438,411,373,331,348,6,0,0,0,24,29,0,21,14,14,99,157,182,228,307,341,382,375,462,513,528,523,584,572,565,538,563,484,453,411,384,339,0,0,23,0,0,11,15,19,77,102,107,159,234,304,302,341,427,459,507,567,574,638,629,627,627,577,564,560,530,478,387,387,18,0,7,19,0,17,23,65,78,117,156,183,256,263,335,424,457,492,556,598,634,658,667,673,651,650,646,577,521,495,444,363,13,0,34,0,0,19,0,61,119,193,204,235,262,307,369,434,448,502,578,651,632,647,678,680,668,658,656,654,592,534,484,435,0,17,0,0,0,0,40,134,168,187,279,300,308,299,370,450,552,529,619,673,657,634,675,667,652,674,666,662,617,528,492,441,29,29,0,0,33,4,61,131,169,247,281,335,368,308,386,460,487,570,608,664,665,700,656,632,672,643,686,699,642,547,504,454,32,14,0,6,16,36,26,151,194,227,310,368,447,379,405,422,517,559,647,649,664,684,663,665,683,683,682,686,633,563,501,438,0,33,7,24,22,0,72,131,184,215,292,376,367,308,360,434,477,585,641,650,652,671,691,657,654,678,674,659,642,532,514,448,0,0,1,9,33,0,18,93,145,171,259,271,295,380,392,461,480,531,595,640,663,678,673,650,651,682,666,682,603,551,466,443,15,0,0,17,0,0,9,24,124,186,205,265,244,338,364,392,436,507,592,653,643,660,674,645,657,676,665,634,598,532,461,398,0,21,5,0,0,0,15,39,101,132,167,123,266,312,323,384,460,532,505,589,652,641,666,645,642,655,596,546,559,464,451,435,0,14,16,15,0,2,0,0,54,93,57,166,158,237,333,365,412,451,512,520,573,568,644,578,637,595,586,511,543,456,427,347,21,5,0,15,7,0,31,14,0,64,69,136,163,215,324,300,392,404,469,481,535,562,579,599,559,517,514,505,510,445,393,365,0,0,33,18,0,0,6,0,4,8,80,125,149,208,256,280,374,412,385,455,492,482,515,515,507,471,460,479,448,362,340,290,17,0,9,3,0,0,1,0,36,0,0,70,123,161,260,256,262,348,359,418,397,452,427,434,456,437,416,385,370,336,314,273,0,0,0,25,19,34,0,15,0,20,0,76,93,143,168,237,246,303,313,353,385,375,401,395,392,373,340,349,312,298,275,262,0,10,0,31,16,29,30,3,23,3,13,21,37,52,122,178,190,226,294,255,275,339,326,339,342,313,330,310,282,255,208,176,4,36,6,8,7,0,18,13,6,12,0,0,0,26,77,129,167,156,184,236,210,268,259,271,260,281,205,239,205,195,116,126,0,0,11,0,10,0,0,0,14,5,2,0,0,0,11,75,103,119,188,192,187,217,224,225,178,204,172,178,200,151,126,51
4,29,0,65,0,0,0,11,8,7,45,60,83,119,146,185,183,148,107,117,64,82,19,2,25,0,20,0,0,12,0,10,0,0,28,0,0,0,10,0,38,28,36,50,85,72,137,158,151,122,99,111,82,59,43,0,0,3,19,0,18,0,4,14,13,41,0,11,23,4,0,3,10,23,46,25,113,121,114,126,194,172,124,88,82,3,21,42,0,0,0,0,4,0,0,0,24,7,0,0,9,12,41,0,0,37,28,70,92,70,95,144,165,170,100,77,87,54,48,5,0,17,0,0,0,0,35,0,0,0,13,0,0,19,18,0,12,0,10,31,88,127,127,144,123,140,89,58,61,71,41,20,59,25,12,21,43,0,5,0,0,19,13,11,0,22,0,2,0,11,11,85,27,136,85,144,179,122,113,77,102,126,102,101,125,90,65,58,46,45,6,10,22,18,17,39,14,42,0,0,0,0,32,45,74,61,137,155,169,126,155,105,165,159,176,188,177,154,171,170,124,86,68,0,9,19,26,0,0,0,8,0,14,16,51,31,104,96,78,125,121,167,163,204,224,230,246,257,272,230,209,213,172,137,140,117,25,16,1,0,0,2,0,0,23,18,38,74,32,111,148,142,203,204,230,264,270,327,328,281,317,290,282,256,222,205,156,167,27,0,12,22,12,0,13,14,0,35,27,82,76,92,169,182,203,291,275,296,379,365,415,360,363,384,338,317,301,245,214,207,0,0,13,17,3,28,0,27,0,0,38,50,89,140,204,191,270,334,351,442,401,444,414,465,460,400,420,375,326,271,320,276,0,0,14,0,18,0,24,0,0,30,32,90,139,190,232,251,322,375,364,465,484,488,513,508,497,469,457,443,398,367,351,287,10,36,17,31,20,17,6,39,25,30,67,100,192,232,313,321,371,381,449,493,560,590,569,572,538,556,542,481,487,431,412,378,0,4,0,0,6,36,3,7,0,23,97,129,190,292,331,408,434,451,472,567,623,622,644,666,611,615,599,524,487,497,424,351,0,6,10,1,34,47,0,0,59,75,120,183,255,355,357,410,473,499,593,616,638,705,699,705,705,672,617,628,611,563,468,417,12,6,0,7,0,17,21,35,74,184,204,212,257,325,354,446,494,577,631,670,704,705,705,705,705,705,681,643,619,540,482,428,0,0,21,6,6,18,0,77,131,243,234,240,300,381,432,474,507,575,632,700,705,705,705,705,705,705,705,705,666,588,547,481,30,0,0,0,0,11,25,125,163,202,275,318,338,357,449,497,575,619,650,705,705,705,705,705,705,705,705,705,705,592,566,531,29,3,0,30,48,0,63,122,184,256,349,357,408,364,437,488,583,610,705,705,705,705,705,705,705,705,705,705,705,662,576,513,25,1,0,8,15,11,65,187,232,298,343,412,508,362,441,462,589,628,705,705,705,705,705,705,705,705,705,705,705,622,593,508,21,0,0,26,0,10,91,115,215,264,336,343,400,357,406,457,559,625,705,705,705,705,705,705,705,705,705,705,705,604,588,528,0,10,0,0,1,1,13,130,160,253,318,308,336,363,439,492,563,628,692,705,705,705,705,705,705,705,705,705,640,585,558,528,0,0,0,16,10,0,13,38,134,176,215,281,278,353,421,453,501,598,666,705,700,705,705,705,705,705,705,674,633,591,545,475,16,38,2,0,15,4,0,63,117,152,177,163,273,325,365,408,488,572,626,643,701,705,705,705,705,705,700,625,624,553,452,486,14,16,5,2,0,24,0,0,39,77,102,173,207,268,350,401,468,487,565,598,696,663,699,679,701,700,670,612,615,545,464,391,0,9,6,0,17,0,27,0,0,46,129,137,194,250,343,394,403,457,535,535,586,604,653,627,661,620,613,529,526,480,422,417,13,16,41,0,19,35,0,0,29,0,73,117,197,207,322,344,393,446,440,490,535,532,574,579,581,547,513,548,460,422,402,345,0,2,23,0,0,20,18,0,0,0,12,103,142,161,256,271,309,368,391,473,480,528,477,509,510,464,486,443,406,395,353,276,0,4,16,0,0,31,28,15,0,0,1,80,102,141,163,295,278,346,372,400,423,448,467,458,414,424,390,370,339,335,290,281,0,0,0,8,0,0,35,26,30,10,0,6,66,90,139,187,285,260,321,330,315,374,376,396,362,326,396,317,344,270,229,195,6,33,0,15,3,0,0,30,0,25,5,17,0,52,87,127,189,241,226,267,258,291,287,320,310,328,260,257,223,201,196,129,0,18,20,10,25,11,6,36,24,0,14,0,32,0,34,88,112,136,229,192,256,203,247,215,257,224,230,210,172,182,114,83
6,19,3,6,0,0,0,0,31,0,44,29,53,91,117,156,145,118,88,115,29,53,40,29,7,0,15,19,30,12,10,8,12,43,2,0,2,0,7,2,0,41,41,67,70,106,105,162,112,123,110,79,94,43,36,12,0,9,0,14,0,16,0,24,0,19,3,0,12,0,22,0,0,0,47,37,65,70,109,104,152,109,81,82,58,15,32,9,15,6,9,0,20,23,37,23,7,0,25,0,0,0,11,8,0,14,17,31,76,94,76,125,112,148,94,116,73,80,62,0,0,0,0,12,6,6,21,16,0,0,0,5,13,0,18,4,0,19,0,22,69,71,110,122,112,105,59,67,56,93,30,37,32,33,26,0,35,11,12,0,0,0,17,0,0,4,0,13,0,0,48,88,45,93,73,127,144,155,55,61,62,121,60,83,100,95,37,45,29,49,0,0,43,4,10,48,1,28,9,0,15,6,18,43,62,51,113,104,100,89,104,87,93,158,149,129,131,165,159,124,115,83,21,0,0,3,5,23,0,0,14,0,11,13,22,9,84,89,101,114,132,129,173,193,193,198,227,230,214,183,222,174,159,131,117,90,0,8,15,4,1,0,22,0,0,0,51,70,48,107,107,116,176,165,172,196,247,269,269,252,242,252,261,232,200,184,116,135,8,9,50,0,0,0,48,0,0,44,31,57,63,67,178,157,179,255,254,285,314,313,300,313,331,321,273,267,253,244,175,151,0,22,0,0,0,15,7,28,6,23,52,37,60,111,158,183,213,274,318,340,377,364,357,406,372,350,358,329,311,237,272,247,0,7,0,0,0,3,56,17,0,0,0,82,109,169,210,230,286,333,319,376,389,416,434,461,420,398,414,382,352,355,316,228,20,0,1,0,1,0,18,0,10,11,53,81,156,203,271,267,346,359,389,437,479,474,454,470,473,479,478,459,418,365,319,323,0,28,15,0,1,19,0,0,15,2,106,140,167,229,284,323,380,373,420,511,489,523,552,524,531,532,509,460,435,421,337,319,6,29,0,0,28,18,0,0,35,66,81,172,211,265,285,303,375,435,480,512,569,587,575,600,586,540,559,545,509,469,351,350,17,9,0,10,3,37,14,52,84,125,167,156,233,264,322,392,415,463,533,550,597,635,666,644,658,612,580,569,527,481,400,395,0,2,7,6,0,0,6,78,94,196,186,202,260,342,359,368,410,498,588,611,624,628,653,644,639,621,607,609,566,520,466,418,10,4,9,0,12,21,26,93,154,212,241,282,309,307,360,427,488,524,561,620,634,648,652,649,643,647,618,622,581,555,487,447,4,7,0,13,5,7,73,117,165,192,267,303,360,327,329,434,499,543,591,630,634,636,661,619,647,636,633,647,582,552,477,446,40,0,19,8,0,26,19,140,191,230,306,352,423,370,391,410,490,552,664,647,650,639,641,633,649,657,624,651,603,532,477,423,8,0,0,21,10,29,99,106,177,230,303,309,345,299,354,403,461,560,621,623,634,637,643,642,624,631,625,653,590,503,473,410,0,14,0,16,18,0,22,99,160,176,238,246,308,297,394,411,449,522,567,606,653,645,638,627,648,622,636,638,571,509,455,457,0,0,0,0,2,9,32,21,111,143,180,231,235,270,329,384,437,496,562,602,627,652,653,662,617,643,632,602,541,489,449,400,24,0,21,6,5,0,9,60,79,123,143,115,243,256,304,370,425,479,495,581,583,606,648,647,598,666,603,547,517,469,438,404,18,0,0,1,17,0,1,11,78,85,63,147,200,218,306,350,404,433,492,513,540,548,624,582,604,642,573,510,510,459,363,346,0,11,0,0,0,0,12,6,0,48,95,108,191,180,281,294,373,434,465,463,527,547,566,549,562,497,490,471,468,409,367,369,20,2,24,3,0,21,0,4,43,0,69,94,156,172,230,283,348,373,389,420,457,451,489,509,471,468,419,456,394,373,331,310,7,0,2,6,0,0,0,0,0,0,23,88,108,152,210,237,285,344,334,434,410,440,416,427,451,421,405,381,355,322,296,230,22,28,0,0,33,26,4,0,0,14,0,65,87,141,166,217,259,276,300,317,381,354,376,365,381,372,343,319,291,285,243,237,0,10,0,21,11,0,13,24,11,0,3,18,32,67,94,222,192,231,257,273,278,313,308,316,315,300,318,311,282,180,225,161,1,0,29,0,17,0,0,8,9,20,0,0,17,26,79,106,160,195,169,240,238,229,262,293,256,275,222,206,162,170,112,119,8,10,18,14,21,23,0,8,0,18,0,22,8,0,6,62,111,120,184,148,220,186,227,214,184,203,165,183,174,162,116,71
29,10,13,51,0,3,37,0,0,0,34,63,86,72,105,143,161,123,94,114,51,48,19,0,13,1,11,11,0,0,21,18,6,28,10,30,8,22,22,0,0,31,34,39,85,87,119,134,151,113,115,126,118,38,9,0,0,16,2,0,12,1,29,26,2,28,0,15,11,6,4,0,0,12,47,42,70,65,112,112,164,135,102,86,33,8,33,28,0,0,0,0,0,1,0,0,0,0,4,8,17,5,14,5,0,34,23,31,115,80,92,179,157,146,109,134,97,66,37,12,3,16,27,0,0,0,2,22,20,11,0,8,0,0,21,12,0,12,29,13,98,88,112,123,141,118,93,67,56,66,42,34,59,23,47,9,23,4,10,0,19,30,22,0,0,0,30,10,0,18,19,68,45,132,82,139,170,173,115,105,100,88,115,85,104,81,70,49,31,33,0,23,20,0,0,46,16,14,0,0,0,0,18,46,46,67,110,135,147,103,143,96,160,154,162,160,184,162,165,129,128,90,77,18,5,21,0,0,0,1,0,0,0,1,25,19,79,83,73,152,127,108,163,217,196,241,229,199,252,203,207,190,161,148,95,103,0,0,17,0,0,12,0,11,8,41,43,90,28,129,132,134,178,214,208,240,282,296,278,269,278,260,279,227,214,187,130,142,34,0,27,0,7,0,0,17,5,29,45,58,80,96,166,173,193,275,259,306,336,352,327,332,363,332,345,304,291,253,223,152,17,20,6,0,8,0,12,27,10,5,61,40,90,102,150,198,242,287,333,371,392,394,394,430,402,386,394,344,329,275,299,245,0,1,0,11,0,0,54,9,3,0,32,103,139,187,240,243,321,350,367,403,482,465,500,486,475,450,413,413,351,345,323,292,0,10,0,4,12,9,0,28,0,23,24,87,158,230,268,301,359,404,423,460,490,555,522,539,497,510,492,487,430,395,366,347,2,13,10,0,5,39,0,0,0,11,119,133,170,263,326,370,391,406,465,547,570,560,637,633,585,549,577,526,488,440,377,370,3,18,0,9,23,24,0,0,57,103,100,190,246,323,317,385,449,476,529,564,626,643,621,650,652,610,578,560,548,503,432,372,18,0,9,0,0,4,3,62,89,128,185,187,239,293,377,429,457,527,568,607,653,670,676,701,678,654,651,611,582,534,453,417,7,6,17,0,13,0,7,74,107,209,206,213,281,332,374,427,471,515,629,629,702,677,700,668,689,705,687,651,644,528,498,467,0,0,0,32,0,0,28,120,159,192,253,304,350,347,400,447,551,587,632,703,698,666,678,688,685,699,698,703,664,585,534,478,12,8,0,13,17,6,60,158,190,209,295,321,374,357,404,468,532,579,655,687,686,705,705,702,693,684,698,699,637,591,544,455,33,0,0,0,11,15,45,170,200,249,358,383,493,383,398,423,555,567,674,685,690,705,689,700,690,702,687,700,637,606,535,463,14,0,0,31,23,0,72,95,170,214,313,339,356,366,369,432,516,614,705,688,677,705,691,686,702,691,686,701,673,584,533,449,25,19,3,8,22,29,3,97,170,218,283,261,300,332,429,454,541,560,639,671,690,699,705,688,683,679,688,700,630,573,487,466,2,15,13,0,0,16,16,49,155,197,210,281,233,343,360,411,457,530,619,660,679,690,678,696,692,705,705,652,602,539,493,470,11,0,11,0,14,8,0,40,108,130,184,184,267,317,342,395,436,518,510,619,654,686,683,705,705,703,636,580,556,519,450,435,0,0,0,0,0,0,20,0,80,78,93,150,210,271,325,411,440,461,550,545,587,636,619,641,663,635,620,568,541,495,413,359,0,8,11,23,11,0,23,12,0,34,104,136,167,231,305,321,403,434,510,499,565,594,603,594,611,516,578,516,487,448,395,389,34,0,26,0,11,0,16,4,8,0,95,115,201,202,242,337,390,391,404,483,488,512,521,529,538,509,491,475,441,383,368,291,0,0,31,0,0,0,13,15,0,0,0,78,128,137,253,252,306,353,361,453,454,469,469,473,470,443,446,396,374,338,315,259,22,12,21,0,0,22,0,0,22,6,2,75,100,125,173,232,273,331,282,373,411,416,444,437,419,420,345,349,324,270,274,231,0,27,0,23,5,8,33,10,0,0,6,48,74,82,131,193,223,266,294,274,284,316,336,356,335,348,318,320,285,251,216,163,0,0,0,0,19,13,0,2,0,18,8,2,0,64,114,150,147,194,197,249,250,259,256,275,291,269,240,244,210,175,149,131,35,46,0,0,0,10,0,0,6,19,12,0,28,16,35,100,87,155,173,171,242,216,235,204,244,206,199,231,161,166,132,91
0,2,21,34,7,0,0,0,0,12,48,43,61,91,112,124,148,150,96,92,60,92,54,23,5,21,24,4,3,0,11,0,14,19,15,0,38,2,0,0,0,0,23,49,118,67,93,125,113,117,106,116,73,43,32,14,0,0,9,1,0,0,0,14,0,25,18,0,16,1,10,21,0,13,37,24,69,94,78,92,142,127,120,62,56,0,36,66,0,0,25,0,0,7,11,0,22,0,24,10,0,2,16,0,0,21,4,27,69,91,98,119,119,131,59,84,92,39,20,9,0,0,0,11,8,0,40,16,0,0,12,7,0,31,31,3,12,12,27,19,76,106,113,114,142,153,85,71,36,61,36,56,63,0,37,33,0,0,21,0,6,24,0,0,16,0,7,25,0,17,39,75,41,97,65,125,168,136,121,103,65,91,98,95,94,72,55,64,9,46,0,17,15,34,1,17,0,28,0,4,0,14,0,45,86,61,122,108,130,105,136,65,143,141,140,147,170,150,155,109,108,90,53,8,0,35,2,11,9,4,46,15,6,0,28,26,62,84,118,101,120,120,177,197,217,204,225,215,207,191,199,173,137,134,85,85,15,0,0,0,53,5,1,0,5,0,59,96,28,130,102,115,171,187,175,230,206,273,249,235,267,263,230,217,156,199,131,109,14,4,17,0,10,20,38,35,0,30,50,61,69,98,142,162,183,234,238,253,298,333,289,317,329,339,308,270,243,234,175,104,0,39,4,20,18,12,0,28,5,0,36,78,69,103,174,177,229,291,310,350,336,415,360,390,365,355,348,300,281,232,269,242,5,1,0,0,5,0,22,11,0,25,6,79,129,160,247,204,292,313,321,388,408,406,452,428,439,427,424,387,355,346,267,244,7,5,18,7,4,0,30,40,26,6,35,110,172,190,248,285,329,353,351,414,489,469,462,478,466,476,470,414,397,381,339,292,0,20,0,0,0,52,9,20,0,0,81,136,188,239,314,358,370,393,468,503,509,513,579,579,544,536,517,455,426,391,354,318,7,0,0,0,19,0,7,0,60,68,113,171,218,274,286,359,379,418,516,553,556,612,598,613,609,553,578,542,517,449,373,343,19,8,0,21,21,5,0,55,95,121,167,169,247,263,329,402,440,473,539,583,602,633,630,665,664,610,602,575,517,503,408,363,10,0,4,0,9,0,0,76,104,194,193,228,248,319,340,409,434,469,568,623,652,625,639,632,624,644,635,619,572,542,469,398,5,17,0,0,26,10,18,110,150,195,245,303,316,307,381,429,531,547,572,653,659,647,629,665,650,660,634,644,612,512,474,454,30,0,13,0,0,3,83,123,163,244,297,324,353,314,371,455,493,531,604,639,631,631,652,628,617,660,634,625,596,583,467,455,0,6,7,0,2,6,51,153,187,248,299,343,392,331,407,387,481,572,618,633,638,621,666,646,638,658,651,637,635,568,497,411,11,26,19,46,2,34,59,115,182,241,267,307,361,311,341,398,469,547,625,651,647,632,655,648,610,633,659,642,630,536,519,420,21,12,0,6,30,5,30,79,158,194,232,230,285,317,380,419,490,544,586,643,640,633,633,638,661,648,651,634,555,532,453,446,24,0,11,0,0,0,30,25,125,191,190,219,216,284,327,382,452,537,548,572,623,630,643,640,638,645,648,586,565,498,453,389,0,0,22,3,0,25,0,42,89,123,151,127,243,306,304,361,434,479,534,562,593,635,667,638,628,629,589,568,531,477,431,385,0,1,17,36,0,8,0,12,40,100,93,146,176,227,295,350,384,439,479,512,583,582,592,573,605,592,573,508,484,446,381,345,11,0,0,34,0,0,38,7,7,27,105,106,194,218,294,303,345,411,462,485,540,529,586,576,555,514,540,474,444,418,377,346,0,24,23,0,8,38,14,22,0,9,72,101,159,215,257,283,346,334,381,444,487,500,514,507,503,462,435,437,391,350,345,292,6,0,5,16,6,0,0,6,0,18,4,62,122,149,239,209,267,343,329,408,419,428,422,438,427,426,439,373,355,314,295,259,0,30,22,27,0,4,4,0,0,0,0,71,97,133,173,206,258,280,276,332,363,379,409,414,377,383,335,316,304,293,239,217,1,0,0,14,18,0,24,30,4,6,20,18,13,60,115,187,198,222,279,239,303,324,362,306,310,283,306,260,254,226,199,180,0,0,14,17,21,0,0,0,21,6,0,2,0,1,70,136,161,174,197,229,222,238,252,240,264,268,187,217,195,160,142,130,0,0,11,0,1,23,0,17,14,0,7,16,27,17,33,67,76,130,167,173,217,193,237,204,184,200,174,189,155,163,130,53
7,0,16,33,33,3,5,28,17,17,53,18,57,125,93,105,148,152,86,94,30,66,42,14,2,3,36,0,36,11,9,0,24,29,7,25,0,0,0,0,3,34,53,56,100,107,77,155,132,98,127,122,94,32,22,0,4,0,8,0,28,0,0,24,6,34,0,0,8,0,6,0,0,21,24,38,81,116,102,96,194,153,122,74,93,18,17,32,13,0,0,0,14,7,22,1,21,10,0,26,24,0,22,26,0,41,29,55,83,71,120,129,125,132,98,118,89,43,35,11,0,8,0,11,0,0,22,16,14,12,6,0,0,0,13,9,25,17,42,25,96,100,102,122,93,124,95,67,50,82,58,26,52,0,1,28,0,10,0,0,0,19,0,8,0,0,0,24,0,27,35,69,37,75,97,115,147,163,88,96,87,98,86,87,119,89,47,41,53,35,0,11,26,9,3,14,0,42,11,7,0,2,22,57,75,72,116,143,123,79,112,98,171,163,189,144,136,154,169,129,118,55,49,8,0,0,0,6,0,0,0,10,11,19,44,33,57,100,124,139,131,124,169,220,200,225,203,216,228,184,203,199,141,126,127,115,0,12,0,0,0,0,0,3,5,22,52,77,18,118,123,126,164,221,171,217,246,269,284,253,280,239,282,227,191,183,151,159,32,0,31,12,1,4,20,2,27,2,31,42,76,105,148,180,176,278,293,275,325,348,298,334,353,335,323,280,263,242,228,166,0,11,0,27,0,1,22,22,0,28,32,60,107,111,184,155,237,276,299,367,368,377,398,407,349,377,383,319,325,266,273,241,0,13,15,0,0,0,26,0,0,18,0,76,107,145,199,251,320,353,354,413,447,446,465,452,469,415,410,423,339,322,316,262,11,22,14,25,0,14,16,24,13,13,50,75,192,210,295,298,327,391,402,451,519,524,524,519,482,479,481,461,429,405,342,320,2,14,22,0,0,18,0,0,0,3,109,143,190,231,285,375,380,403,482,516,507,570,577,567,552,539,546,484,470,407,379,334,11,8,16,0,23,6,0,0,67,92,115,165,224,294,323,349,422,473,504,521,565,612,605,610,634,579,592,537,534,450,380,364,5,0,14,0,17,31,2,56,82,152,185,155,229,302,344,409,452,463,557,606,636,656,681,674,690,630,629,579,575,488,425,392,0,25,34,0,27,0,6,68,127,220,190,211,246,312,363,390,479,522,580,618,674,649,677,680,689,668,695,633,618,529,514,449,0,40,0,8,3,12,56,132,165,187,258,310,337,326,373,428,500,552,606,634,669,668,659,645,652,671,683,683,606,579,479,447,31,25,0,0,32,27,67,113,174,239,317,325,363,336,384,480,510,549,644,637,671,649,653,694,664,662,664,687,601,601,525,456,19,0,11,19,10,0,50,125,199,244,308,370,442,352,398,430,517,579,666,650,679,695,667,654,672,677,661,641,628,570,545,431,17,0,18,38,11,19,66,117,171,234,292,341,357,360,373,447,487,586,666,693,678,663,653,680,684,690,674,668,641,555,526,429,0,0,0,9,9,2,23,82,150,191,298,266,289,348,395,420,527,551,602,646,681,665,658,667,647,702,643,652,609,529,493,461,17,20,3,15,0,14,21,42,144,183,196,253,231,301,379,407,479,505,582,640,660,673,674,672,645,674,661,627,582,522,492,416,8,10,21,0,0,15,7,40,117,136,159,148,254,307,368,402,400,511,565,574,638,646,672,646,670,655,611,598,543,488,447,474,14,16,0,21,7,5,4,28,50,78,89,145,192,238,328,363,424,420,536,549,563,584,622,651,663,615,604,538,513,505,435,351,10,3,25,5,18,9,7,0,0,8,123,123,167,220,319,312,382,414,494,512,563,535,600,590,574,523,526,484,482,431,415,355,0,13,0,1,21,22,19,3,14,0,83,82,168,206,261,297,357,387,440,426,492,508,527,534,530,463,471,483,409,360,359,291,0,16,1,17,7,0,12,0,0,0,0,85,165,161,232,217,302,336,368,433,439,455,444,463,478,470,430,403,351,348,308,238,0,31,25,11,20,11,12,0,25,0,0,70,96,142,184,250,264,322,339,348,392,394,408,386,408,412,368,365,327,318,256,240,0,4,0,14,23,0,25,9,33,0,0,6,35,71,131,162,236,247,291,276,305,342,347,375,327,303,328,301,256,244,211,165,9,23,0,0,8,36,10,0,19,5,0,6,0,33,67,125,142,166,202,240,233,242,269,280,266,300,235,235,188,196,159,130,8,32,11,21,2,0,0,12,0,0,0,0,36,7,19,57,114,121,206,147,211,204,222,176,203,190,206,198,173,164,142,59
17,0,14,14,0,0,0,0,12,4,54,47,71,105,137,155,168,168,111,99,42,71,29,0,5,0,28,0,8,32,1,0,18,9,4,0,32,0,19,0,0,29,48,26,86,108,122,152,150,113,133,131,100,37,24,17,3,0,17,0,26,0,19,27,3,27,8,4,0,0,20,0,4,0,53,14,66,105,137,113,169,140,115,63,83,32,16,36,16,4,24,13,10,31,5,31,5,7,10,1,2,0,11,17,14,44,29,29,95,121,100,139,140,129,69,118,73,61,67,39,0,0,14,0,10,0,15,5,18,13,23,11,0,36,9,0,46,22,13,36,78,83,106,153,148,156,80,61,34,82,40,21,84,32,28,15,25,3,0,38,0,13,0,0,0,0,8,0,1,9,44,59,47,114,88,132,171,151,99,97,88,106,83,95,89,87,53,61,11,76,0,18,27,13,0,14,0,4,12,3,0,0,20,78,87,87,109,131,128,106,133,85,160,176,157,169,154,153,150,149,91,69,76,23,0,27,20,17,30,2,19,0,12,23,22,27,65,92,117,126,151,150,191,209,177,206,226,208,224,183,231,177,171,106,96,84,0,27,26,24,6,6,0,33,0,2,19,100,20,99,125,161,159,217,193,240,265,305,303,259,257,279,282,241,217,187,150,141,10,13,26,0,23,7,0,0,29,31,49,52,59,94,176,181,197,271,263,305,316,325,354,341,372,375,308,284,275,262,225,138,6,7,0,27,0,34,2,3,0,11,54,32,73,118,181,184,254,270,346,387,386,433,407,444,425,404,379,343,330,269,292,238,25,0,0,0,0,0,37,0,18,12,21,63,101,182,230,254,341,344,366,422,463,445,464,498,502,439,476,398,371,350,312,266,34,2,0,20,35,1,52,4,0,31,71,127,170,255,282,322,366,387,410,454,500,553,526,504,485,518,483,498,452,402,375,362,34,23,19,0,25,32,0,11,15,19,120,172,180,255,318,379,409,434,454,545,554,560,605,609,609,561,579,500,488,428,402,363,16,0,16,0,22,0,0,0,49,112,95,189,240,297,335,411,432,437,534,571,626,656,636,671,672,594,608,597,538,489,410,385,41,16,11,10,2,0,0,48,101,168,172,200,256,300,348,416,444,491,576,629,680,682,686,668,705,691,682,641,577,535,476,433,7,4,26,0,15,12,41,78,127,195,229,225,280,353,369,418,468,569,589,647,705,705,694,702,705,683,705,645,610,601,488,442,8,31,0,0,28,4,32,132,156,180,247,312,366,336,388,478,547,555,634,684,705,702,702,701,705,696,705,701,671,595,538,475,0,0,2,0,43,0,64,116,201,237,302,339,386,320,403,485,527,584,658,705,691,704,705,704,705,671,705,688,665,645,544,483,40,0,0,0,54,0,66,153,193,249,340,384,476,363,436,428,555,583,671,684,704,695,705,702,698,700,705,705,666,624,548,491,19,8,0,14,27,10,51,128,200,248,315,351,389,352,368,464,525,648,682,686,704,705,691,705,684,693,705,705,678,585,567,464,3,0,6,11,20,19,47,109,181,224,285,270,284,360,437,486,533,594,647,691,676,693,697,688,697,705,705,682,633,580,494,476,16,1,5,20,0,0,48,40,119,186,209,242,280,349,363,437,492,546,616,695,704,705,697,693,703,702,705,662,597,531,486,462,0,7,8,8,12,25,0,34,97,103,168,154,261,312,365,393,461,530,551,609,671,688,682,680,670,705,643,619,560,503,484,455,0,20,10,6,0,0,9,20,45,125,87,164,227,266,332,385,463,444,552,587,605,604,633,666,658,659,619,571,561,501,446,387,7,36,8,20,18,0,13,31,5,35,77,129,182,211,293,321,382,436,481,502,540,589,610,606,580,575,563,549,507,439,419,369,0,0,26,0,34,7,21,0,2,3,69,91,203,186,249,318,365,427,430,482,473,547,547,510,532,471,503,481,407,388,383,327,0,4,12,28,19,18,22,16,14,0,11,57,133,143,246,249,310,365,368,435,435,451,457,461,507,453,435,417,395,354,319,268,4,0,7,19,23,0,0,13,1,0,0,60,97,148,157,229,262,328,338,365,414,418,464,420,401,412,382,333,327,315,286,245,3,0,0,0,0,0,18,14,27,0,30,18,45,95,114,203,235,235,318,278,348,369,326,379,349,346,373,323,291,243,206,169,12,5,31,0,22,8,0,0,0,13,0,0,0,59,89,130,158,182,205,250,226,274,260,274,301,289,223,262,201,171,174,139,28,31,4,25,4,3,7,0,5,0,6,0,45,0,44,93,101,142,207,146,242,206,216,197,225,211,213,204,189,161,89,88
